Level 1,20 Questions,,,,,,,,,,,,,,,,,,,,,,,,,,,,,,,,,,,,,,,,,,,,,,,,,,,,,,,,,,,,,,,,,,,,,,,,,,,,,,,,,,,,,,,,,,,,,,,,,,,,,,,,,,,,,,,,,,,,,,,,,,,,,,,,,,,,,,,,,,,,,,,,,,,,,,,,,,,,,,,,,,,,,,,,,,,,,,,,,,,,,,,,,,,,,,,,,,,,,,,,,,,,,,,,,,,,,,,,,,,,,,,,,,,,,,,,,,,,,,,,,,,,,,,,,,,,,,,,,,,,,,,,,,,,,,,,,,,,,,,,,,,,,,,,,,,,,,,,,,,,,,,,,,,,,,,,,,,,,,,,,,,,,,,,,,,,,,,,,,,,,,,,,,,,,,,,,,,,,,,,,,,,,,,,,,,,,,,,,,,,,,,,,,,,,,,,,,,,,,,,,,,,,,,,,,,,,,,,,,,,,,,,,,,,,,,,,,,,,,,,,,,,,,,,,,,,,,,,,,,,,,,,,,,,,,,,,,,,,,,,,,,,,,,,,,,,,,,,,,,,,,,,,,,,,,,,,,,,,,,,,,,,,,,,,,,,,,,,,,,,,,,,,,,,,,,,,,,,,,,,,,,,,,,,,,,,,,,,,,,,,,,,,,,,,,,,,,,,,,,,,,,,,,,,,,,,,,,,,,,,,,,,,,,,,,,,,,,,,,,,,,,,,,,,,,,,,,,,,,,,,,,,,,,,,,,,,,,,,,,,,,,,,,,,,,,,,,,,,,,,,,,,,,,,,,,,,,,,,,,,,,,,,,,,,,,,,,,,,,,,,,,,,,,,,,,,,,,,,,,,,,,,,,,,,,,,,,,,,,,,,,,,,,,,,,,,,,,,,,,,,,,,,,,,,,,,,,,,,,,,,,,,,,,,,,,,,,,,,,,,,,,,,,,,,,,,,,,,,,,,,,,,,,,,,,,,,,,,,,,,,,,,,,,,,,,,,,,,,,,,,,,,,,,,,,,,,,,,,,,,,,,,,,,,,,,,,,,,,,,,,,,,,,,,,,,,,,,,,,,,,,,,,,,,,,,,,,,,,,,,,,,,,,,,,,,,,,,,,,,,,,,,,,,,,,,,,,,,,,,,,,,,,
Level 2,Awesome,Awesomer,,,,,,,,,,,,,,,,,,,,,,,,,,,,,,,,,,,,,,,,,,,,,,,,,,,,,,,,,,,,,,,,,,,,,,,,,,,,,,,,,,,,,,,,,,,,,,,,,,,,,,,,,,,,,,,,,,,,,,,,,,,,,,,,,,,,,,,,,,,,,,,,,,,,,,,,,,,,,,,,,,,,,,,,,,,,,,,,,,,,,,,,,,,,,,,,,,,,,,,,,,,,,,,,,,,,,,,,,,,,,,,,,,,,,,,,,,,,,,,,,,,,,,,,,,,,,,,,,,,,,,,,,,,,,,,,,,,,,,,,,,,,,,,,,,,,,,,,,,,,,,,,,,,,,,,,,,,,,,,,,,,,,,,,,,,,,,,,,,,,,,,,,,,,,,,,,,,,,,,,,,,,,,,,,,,,,,,,,,,,,,,,,,,,,,,,,,,,,,,,,,,,,,,,,,,,,,,,,,,,,,,,,,,,,,,,,,,,,,,,,,,,,,,,,,,,,,,,,,,,,,,,,,,,,,,,,,,,,,,,,,,,,,,,,,,,,,,,,,,,,,,,,,,,,,,,,,,,,,,,,,,,,,,,,,,,,,,,,,,,,,,,,,,,,,,,,,,,,,,,,,,,,,,,,,,,,,,,,,,,,,,,,,,,,,,,,,,,,,,,,,,,,,,,,,,,,,,,,,,,,,,,,,,,,,,,,,,,,,,,,,,,,,,,,,,,,,,,,,,,,,,,,,,,,,,,,,,,,,,,,,,,,,,,,,,,,,,,,,,,,,,,,,,,,,,,,,,,,,,,,,,,,,,,,,,,,,,,,,,,,,,,,,,,,,,,,,,,,,,,,,,,,,,,,,,,,,,,,,,,,,,,,,,,,,,,,,,,,,,,,,,,,,,,,,,,,,,,,,,,,,,,,,,,,,,,,,,,,,,,,,,,,,,,,,,,,,,,,,,,,,,,,,,,,,,,,,,,,,,,,,,,,,,,,,,,,,,,,,,,,,,,,,,,,,,,,,,,,,,,,,,,,,,,,,,,,,,,,,,,,,,,,,,,,,,,,,,,,,,,,,,,,,,,,,,,,,,,,,,,,,,,,,,,,,,,,,,,,,,,,,,,,,,,,,,,,,,,,,,,,,,,
Level 3,is it a mamal,is it a nautical critter,is it a mamal,is it a nautical critter,,,,,,,,,,,,,,,,,,,,,,,,,,,,,,,,,,,,,,,,,,,,,,,,,,,,,,,,,,,,,,,,,,,,,,,,,,,,,,,,,,,,,,,,,,,,,,,,,,,,,,,,,,,,,,,,,,,,,,,,,,,,,,,,,,,,,,,,,,,,,,,,,,,,,,,,,,,,,,,,,,,,,,,,,,,,,,,,,,,,,,,,,,,,,,,,,,,,,,,,,,,,,,,,,,,,,,,,,,,,,,,,,,,,,,,,,,,,,,,,,,,,,,,,,,,,,,,,,,,,,,,,,,,,,,,,,,,,,,,,,,,,,,,,,,,,,,,,,,,,,,,,,,,,,,,,,,,,,,,,,,,,,,,,,,,,,,,,,,,,,,,,,,,,,,,,,,,,,,,,,,,,,,,,,,,,,,,,,,,,,,,,,,,,,,,,,,,,,,,,,,,,,,,,,,,,,,,,,,,,,,,,,,,,,,,,,,,,,,,,,,,,,,,,,,,,,,,,,,,,,,,,,,,,,,,,,,,,,,,,,,,,,,,,,,,,,,,,,,,,,,,,,,,,,,,,,,,,,,,,,,,,,,,,,,,,,,,,,,,,,,,,,,,,,,,,,,,,,,,,,,,,,,,,,,,,,,,,,,,,,,,,,,,,,,,,,,,,,,,,,,,,,,,,,,,,,,,,,,,,,,,,,,,,,,,,,,,,,,,,,,,,,,,,,,,,,,,,,,,,,,,,,,,,,,,,,,,,,,,,,,,,,,,,,,,,,,,,,,,,,,,,,,,,,,,,,,,,,,,,,,,,,,,,,,,,,,,,,,,,,,,,,,,,,,,,,,,,,,,,,,,,,,,,,,,,,,,,,,,,,,,,,,,,,,,,,,,,,,,,,,,,,,,,,,,,,,,,,,,,,,,,,,,,,,,,,,,,,,,,,,,,,,,,,,,,,,,,,,,,,,,,,,,,,,,,,,,,,,,,,,,,,,,,,,,,,,,,,,,,,,,,,,,,,,,,,,,,,,,,,,,,,,,,,,,,,,,,,,,,,,,,,,,,,,,,,,,,,,,,,,,,,,,,,,,,,,,,,,,,,,,,,,,,,,,,,,,,,,,,,,,,,,,,,,,,,,,,,,,,,,
Level 4,Big,Little,Big,Little,Big,Little,Big,Little,,,,,,,,,,,,,,,,,,,,,,,,,,,,,,,,,,,,,,,,,,,,,,,,,,,,,,,,,,,,,,,,,,,,,,,,,,,,,,,,,,,,,,,,,,,,,,,,,,,,,,,,,,,,,,,,,,,,,,,,,,,,,,,,,,,,,,,,,,,,,,,,,,,,,,,,,,,,,,,,,,,,,,,,,,,,,,,,,,,,,,,,,,,,,,,,,,,,,,,,,,,,,,,,,,,,,,,,,,,,,,,,,,,,,,,,,,,,,,,,,,,,,,,,,,,,,,,,,,,,,,,,,,,,,,,,,,,,,,,,,,,,,,,,,,,,,,,,,,,,,,,,,,,,,,,,,,,,,,,,,,,,,,,,,,,,,,,,,,,,,,,,,,,,,,,,,,,,,,,,,,,,,,,,,,,,,,,,,,,,,,,,,,,,,,,,,,,,,,,,,,,,,,,,,,,,,,,,,,,,,,,,,,,,,,,,,,,,,,,,,,,,,,,,,,,,,,,,,,,,,,,,,,,,,,,,,,,,,,,,,,,,,,,,,,,,,,,,,,,,,,,,,,,,,,,,,,,,,,,,,,,,,,,,,,,,,,,,,,,,,,,,,,,,,,,,,,,,,,,,,,,,,,,,,,,,,,,,,,,,,,,,,,,,,,,,,,,,,,,,,,,,,,,,,,,,,,,,,,,,,,,,,,,,,,,,,,,,,,,,,,,,,,,,,,,,,,,,,,,,,,,,,,,,,,,,,,,,,,,,,,,,,,,,,,,,,,,,,,,,,,,,,,,,,,,,,,,,,,,,,,,,,,,,,,,,,,,,,,,,,,,,,,,,,,,,,,,,,,,,,,,,,,,,,,,,,,,,,,,,,,,,,,,,,,,,,,,,,,,,,,,,,,,,,,,,,,,,,,,,,,,,,,,,,,,,,,,,,,,,,,,,,,,,,,,,,,,,,,,,,,,,,,,,,,,,,,,,,,,,,,,,,,,,,,,,,,,,,,,,,,,,,,,,,,,,,,,,,,,,,,,,,,,,,,,,,,,,,,,,,,,,,,,,,,,,,,,,,,,,,,,,,,,,,,,,,,,,,,,,,,,,,,,,,,,,,,,,,,,,,,,,,,,,,,,,,,,,,,
Level 5,Has a Tail,Does Not Have aTail,Has a Tail,Does Not Have aTail,Has a Tail,Does Not Have aTail,Has a Tail,Does Not Have aTail,Mammal,Non-Mammal,Mammal,Non-Mammal,Mammal,Non-Mammal,Mammal,Non-Mammal,,,,,,,,,,,,,,,,,,,,,,,,,,,,,,,,,,,,,,,,,,,,,,,,,,,,,,,,,,,,,,,,,,,,,,,,,,,,,,,,,,,,,,,,,,,,,,,,,,,,,,,,,,,,,,,,,,,,,,,,,,,,,,,,,,,,,,,,,,,,,,,,,,,,,,,,,,,,,,,,,,,,,,,,,,,,,,,,,,,,,,,,,,,,,,,,,,,,,,,,,,,,,,,,,,,,,,,,,,,,,,,,,,,,,,,,,,,,,,,,,,,,,,,,,,,,,,,,,,,,,,,,,,,,,,,,,,,,,,,,,,,,,,,,,,,,,,,,,,,,,,,,,,,,,,,,,,,,,,,,,,,,,,,,,,,,,,,,,,,,,,,,,,,,,,,,,,,,,,,,,,,,,,,,,,,,,,,,,,,,,,,,,,,,,,,,,,,,,,,,,,,,,,,,,,,,,,,,,,,,,,,,,,,,,,,,,,,,,,,,,,,,,,,,,,,,,,,,,,,,,,,,,,,,,,,,,,,,,,,,,,,,,,,,,,,,,,,,,,,,,,,,,,,,,,,,,,,,,,,,,,,,,,,,,,,,,,,,,,,,,,,,,,,,,,,,,,,,,,,,,,,,,,,,,,,,,,,,,,,,,,,,,,,,,,,,,,,,,,,,,,,,,,,,,,,,,,,,,,,,,,,,,,,,,,,,,,,,,,,,,,,,,,,,,,,,,,,,,,,,,,,,,,,,,,,,,,,,,,,,,,,,,,,,,,,,,,,,,,,,,,,,,,,,,,,,,,,,,,,,,,,,,,,,,,,,,,,,,,,,,,,,,,,,,,,,,,,,,,,,,,,,,,,,,,,,,,,,,,,,,,,,,,,,,,,,,,,,,,,,,,,,,,,,,,,,,,,,,,,,,,,,,,,,,,,,,,,,,,,,,,,,,,,,,,,,,,,,,,,,,,,,,,,,,,,,,,,,,,,,,,,,,,,,,,,,,,,,,,,,,,,,,,,,,,,,,,,,,,,,,,,,,,,,,,,,,,,,,,,,,,,,,,,,,,,,,,,,,,,,,,,,,,,,,,,,,,,,,,,,,,,,,,,,,,,,,,,,,,,,,,,,,,,,,,
Level 6,Carnivor,Herbavor,Carnivor,Herbavor,Carnivor,Herbavor,Carnivor,Herbavor,Carnivor,Herbavor,Carnivor,Herbavor,Carnivor,Herbavor,Carnivor,Herbavor,Carnivor,Herbavor,Carnivor,Herbavor,Carnivor,Herbavor,Carnivor,Herbavor,Carnivor,Herbavor,Carnivor,Herbavor,Carnivor,Herbavor,Carnivor,Herbavor,,,,,,,,,,,,,,,,,,,,,,,,,,,,,,,,,,,,,,,,,,,,,,,,,,,,,,,,,,,,,,,,,,,,,,,,,,,,,,,,,,,,,,,,,,,,,,,,,,,,,,,,,,,,,,,,,,,,,,,,,,,,,,,,,,,,,,,,,,,,,,,,,,,,,,,,,,,,,,,,,,,,,,,,,,,,,,,,,,,,,,,,,,,,,,,,,,,,,,,,,,,,,,,,,,,,,,,,,,,,,,,,,,,,,,,,,,,,,,,,,,,,,,,,,,,,,,,,,,,,,,,,,,,,,,,,,,,,,,,,,,,,,,,,,,,,,,,,,,,,,,,,,,,,,,,,,,,,,,,,,,,,,,,,,,,,,,,,,,,,,,,,,,,,,,,,,,,,,,,,,,,,,,,,,,,,,,,,,,,,,,,,,,,,,,,,,,,,,,,,,,,,,,,,,,,,,,,,,,,,,,,,,,,,,,,,,,,,,,,,,,,,,,,,,,,,,,,,,,,,,,,,,,,,,,,,,,,,,,,,,,,,,,,,,,,,,,,,,,,,,,,,,,,,,,,,,,,,,,,,,,,,,,,,,,,,,,,,,,,,,,,,,,,,,,,,,,,,,,,,,,,,,,,,,,,,,,,,,,,,,,,,,,,,,,,,,,,,,,,,,,,,,,,,,,,,,,,,,,,,,,,,,,,,,,,,,,,,,,,,,,,,,,,,,,,,,,,,,,,,,,,,,,,,,,,,,,,,,,,,,,,,,,,,,,,,,,,,,,,,,,,,,,,,,,,,,,,,,,,,,,,,,,,,,,,,,,,,,,,,,,,,,,,,,,,,,,,,,,,,,,,,,,,,,,,,,,,,,,,,,,,,,,,,,,,,,,,,,,,,,,,,,,,,,,,,,,,,,,,,,,,,,,,,,,,,,,,,,,,,,,,,,,,,,,,,,,,,,,,,,,,,,,,,,,,,,,,,,,,,,,,,,,,,,,,,,,,,,,,,,,,,,,,,,,,,,,,,,,,,,,,,,,,,,,,,,,,,,,,,,,,,,,,,,,,,,,,,,,,,,,,,,,,,,,,,,,,,,,,,,,,,,,,,,,,,,,
Level 7,Has Been on the Muppets,Has Not Been on the Muppets,Has Been on the Muppets,Has Not Been on the Muppets,Has Been on the Muppets,Has Not Been on the Muppets,Has Been on the Muppets,Has Not Been on the Muppets,Has Been on the Muppets,Has Not Been on the Muppets,Has Been on the Muppets,Has Not Been on the Muppets,Has Been on the Muppets,Has Not Been on the Muppets,Has Been on the Muppets,Has Not Been on the Muppets,Has Been on the Muppets,Has Not Been on the Muppets,Has Been on the Muppets,Has Not Been on the Muppets,Has Been on the Muppets,Has Not Been on the Muppets,Has Been on the Muppets,Has Not Been on the Muppets,Has Been on the Muppets,Has Not Been on the Muppets,Has Been on the Muppets,Has Not Been on the Muppets,Has Been on the Muppets,Has Not Been on the Muppets,Has Been on the Muppets,Has Not Been on the Muppets,Has Been on the Muppets,Has Not Been on the Muppets,Has Been on the Muppets,Has Not Been on the Muppets,Has Been on the Muppets,Has Not Been on the Muppets,Has Been on the Muppets,Has Not Been on the Muppets,Has Been on the Muppets,Has Not Been on the Muppets,Has Been on the Muppets,Has Not Been on the Muppets,Has Been on the Muppets,Has Not Been on the Muppets,Has Been on the Muppets,Has Not Been on the Muppets,Has Been on the Muppets,Has Not Been on the Muppets,Has Been on the Muppets,Has Not Been on the Muppets,Has Been on the Muppets,Has Not Been on the Muppets,Has Been on the Muppets,Has Not Been on the Muppets,Has Been on the Muppets,Has Not Been on the Muppets,Has Been on the Muppets,Has Not Been on the Muppets,Has Been on the Muppets,Has Not Been on the Muppets,Has Been on the Muppets,Has Not Been on the Muppets,,,,,,,,,,,,,,,,,,,,,,,,,,,,,,,,,,,,,,,,,,,,,,,,,,,,,,,,,,,,,,,,,,,,,,,,,,,,,,,,,,,,,,,,,,,,,,,,,,,,,,,,,,,,,,,,,,,,,,,,,,,,,,,,,,,,,,,,,,,,,,,,,,,,,,,,,,,,,,,,,,,,,,,,,,,,,,,,,,,,,,,,,,,,,,,,,,,,,,,,,,,,,,,,,,,,,,,,,,,,,,,,,,,,,,,,,,,,,,,,,,,,,,,,,,,,,,,,,,,,,,,,,,,,,,,,,,,,,,,,,,,,,,,,,,,,,,,,,,,,,,,,,,,,,,,,,,,,,,,,,,,,,,,,,,,,,,,,,,,,,,,,,,,,,,,,,,,,,,,,,,,,,,,,,,,,,,,,,,,,,,,,,,,,,,,,,,,,,,,,,,,,,,,,,,,,,,,,,,,,,,,,,,,,,,,,,,,,,,,,,,,,,,,,,,,,,,,,,,,,,,,,,,,,,,,,,,,,,,,,,,,,,,,,,,,,,,,,,,,,,,,,,,,,,,,,,,,,,,,,,,,,,,,,,,,,,,,,,,,,,,,,,,,,,,,,,,,,,,,,,,,,,,,,,,,,,,,,,,,,,,,,,,,,,,,,,,,,,,,,,,,,,,,,,,,,,,,,,,,,,,,,,,,,,,,,,,,,,,,,,,,,,,,,,,,,,,,,,,,,,,,,,,,,,,,,,,,,,,,,,,,,,,,,,,,,,,,,,,,,,,,,,,,,,,,,,,,,,,,,,,,,,,,,,,,,,,,,,,,,,,,,,,,,,,,,,,,,,,,,,,,,,,,,,,,,,,,,,,,,,,,,,,,,,,,,,,,,,,,,,,,,,,,,,,,,,,,,,,,,,,,,,,,,,,,,,,,,,,,,,,,,,,,,,,,,,,,,,,,,,,,,,,,,,,,,,,,,,,,,,,,,,,,,,,,,,,,,,,,,,,,,,,,,,,,,,,,,,,,,,,,,,,,,,,,,,,,,,,,,,,,,,,,,,,,,,,,,,,,,,,
Level 8,Can be Made as a Shadow Puppet,Cannot be Made as a shadow Puppet,Can be Made as a Shadow Puppet,Cannot be Made as a shadow Puppet,Can be Made as a Shadow Puppet,Cannot be Made as a shadow Puppet,Can be Made as a Shadow Puppet,Cannot be Made as a shadow Puppet,Can be Made as a Shadow Puppet,Cannot be Made as a shadow Puppet,Can be Made as a Shadow Puppet,Cannot be Made as a shadow Puppet,Can be Made as a Shadow Puppet,Cannot be Made as a shadow Puppet,Can be Made as a Shadow Puppet,Cannot be Made as a shadow Puppet,Can be Made as a Shadow Puppet,Cannot be Made as a shadow Puppet,Can be Made as a Shadow Puppet,Cannot be Made as a shadow Puppet,Can be Made as a Shadow Puppet,Cannot be Made as a shadow Puppet,Can be Made as a Shadow Puppet,Cannot be Made as a shadow Puppet,Can be Made as a Shadow Puppet,Cannot be Made as a shadow Puppet,Can be Made as a Shadow Puppet,Cannot be Made as a shadow Puppet,Can be Made as a Shadow Puppet,Cannot be Made as a shadow Puppet,Can be Made as a Shadow Puppet,Cannot be Made as a shadow Puppet,Can be Made as a Shadow Puppet,Cannot be Made as a shadow Puppet,Can be Made as a Shadow Puppet,Cannot be Made as a shadow Puppet,Can be Made as a Shadow Puppet,Cannot be Made as a shadow Puppet,Can be Made as a Shadow Puppet,Cannot be Made as a shadow Puppet,Can be Made as a Shadow Puppet,Cannot be Made as a shadow Puppet,Can be Made as a Shadow Puppet,Cannot be Made as a shadow Puppet,Can be Made as a Shadow Puppet,Cannot be Made as a shadow Puppet,Can be Made as a Shadow Puppet,Cannot be Made as a shadow Puppet,Can be Made as a Shadow Puppet,Cannot be Made as a shadow Puppet,Can be Made as a Shadow Puppet,Cannot be Made as a shadow Puppet,Can be Made as a Shadow Puppet,Cannot be Made as a shadow Puppet,Can be Made as a Shadow Puppet,Cannot be Made as a shadow Puppet,Can be Made as a Shadow Puppet,Cannot be Made as a shadow Puppet,Can be Made as a Shadow Puppet,Cannot be Made as a shadow Puppet,Can be Made as a Shadow Puppet,Cannot be Made as a shadow Puppet,Can be Made as a Shadow Puppet,Cannot be Made as a shadow Puppet,Can be Made as a Shadow Puppet,Cannot be Made as a shadow Puppet,Can be Made as a Shadow Puppet,Cannot be Made as a shadow Puppet,Can be Made as a Shadow Puppet,Cannot be Made as a shadow Puppet,Can be Made as a Shadow Puppet,Cannot be Made as a shadow Puppet,Can be Made as a Shadow Puppet,Cannot be Made as a shadow Puppet,Can be Made as a Shadow Puppet,Cannot be Made as a shadow Puppet,Can be Made as a Shadow Puppet,Cannot be Made as a shadow Puppet,Can be Made as a Shadow Puppet,Cannot be Made as a shadow Puppet,Can be Made as a Shadow Puppet,Cannot be Made as a shadow Puppet,Can be Made as a Shadow Puppet,Cannot be Made as a shadow Puppet,Can be Made as a Shadow Puppet,Cannot be Made as a shadow Puppet,Can be Made as a Shadow Puppet,Cannot be Made as a shadow Puppet,Can be Made as a Shadow Puppet,Cannot be Made as a shadow Puppet,Can be Made as a Shadow Puppet,Cannot be Made as a shadow Puppet,Can be Made as a Shadow Puppet,Cannot be Made as a shadow Puppet,Can be Made as a Shadow Puppet,Cannot be Made as a shadow Puppet,Can be Made as a Shadow Puppet,Cannot be Made as a shadow Puppet,Can be Made as a Shadow Puppet,Cannot be Made as a shadow Puppet,Can be Made as a Shadow Puppet,Cannot be Made as a shadow Puppet,Can be Made as a Shadow Puppet,Cannot be Made as a shadow Puppet,Can be Made as a Shadow Puppet,Cannot be Made as a shadow Puppet,Can be Made as a Shadow Puppet,Cannot be Made as a shadow Puppet,Can be Made as a Shadow Puppet,Cannot be Made as a shadow Puppet,Can be Made as a Shadow Puppet,Cannot be Made as a shadow Puppet,Can be Made as a Shadow Puppet,Cannot be Made as a shadow Puppet,Can be Made as a Shadow Puppet,Cannot be Made as a shadow Puppet,Can be Made as a Shadow Puppet,Cannot be Made as a shadow Puppet,Can be Made as a Shadow Puppet,Cannot be Made as a shadow Puppet,Can be Made as a Shadow Puppet,Cannot be Made as a shadow Puppet,Can be Made as a Shadow Puppet,Cannot be Made as a shadow Puppet,Can be Made as a Shadow Puppet,Cannot be Made as a shadow Puppet,Can be Made as a Shadow Puppet,Cannot be Made as a shadow Puppet,,,,,,,,,,,,,,,,,,,,,,,,,,,,,,,,,,,,,,,,,,,,,,,,,,,,,,,,,,,,,,,,,,,,,,,,,,,,,,,,,,,,,,,,,,,,,,,,,,,,,,,,,,,,,,,,,,,,,,,,,,,,,,,,,,,,,,,,,,,,,,,,,,,,,,,,,,,,,,,,,,,,,,,,,,,,,,,,,,,,,,,,,,,,,,,,,,,,,,,,,,,,,,,,,,,,,,,,,,,,,,,,,,,,,,,,,,,,,,,,,,,,,,,,,,,,,,,,,,,,,,,,,,,,,,,,,,,,,,,,,,,,,,,,,,,,,,,,,,,,,,,,,,,,,,,,,,,,,,,,,,,,,,,,,,,,,,,,,,,,,,,,,,,,,,,,,,,,,,,,,,,,,,,,,,,,,,,,,,,,,,,,,,,,,,,,,,,,,,,,,,,,,,,,,,,,,,,,,,,,,,,,,,,,,,,,,,,,,,,,,,,,,,,,,,,,,,,,,,,,,,,,,,,,,,,,,,,,,,,,,,,,,,,,,,,,,,,,,,,,,,,,,,,,,,,,,,,,,,,,,,,,,,,,,,,,,,,,,,,,,,,,,,,,,,,,,,,,,,,,,,,,,,,,,,,,,,,,,,,,,,,,,,,,,,,,,,,,,,,,,,,,,,,,,,,,,,,,,,,,,,,,,,,,,,,,,,,,,,,,,,,,,,,,,,,,,,,,,,,,,,,,,,,,,,,,,,,,,,,,,,,,,,,,,,,,,,,,,,,,,,,,,,,,,,,,,,,,,,,,,,,,,,,,,,,,,,,,,,,,,,,,,,,,,,,,,,,,,,,,,,,,,,,,,,,,,,,,,,,,,,,,,,,,,,,,,,,,,,,,,,,,,,,,,,,,,,,,,,,,,,,,,,,,,,,,,,,,,,,,,,,,,,,,,,,,,,,,,,,,,,,,,,,,,,,,,,,,,,,,,,,,,,,,,,,,,,,,,,
Level 9,Can be ridden,Cannot be ridden,Can be ridden,Cannot be ridden,Can be ridden,Cannot be ridden,Can be ridden,Cannot be ridden,Can be ridden,Cannot be ridden,Can be ridden,Cannot be ridden,Can be ridden,Cannot be ridden,Can be ridden,Cannot be ridden,Can be ridden,Cannot be ridden,Can be ridden,Cannot be ridden,Can be ridden,Cannot be ridden,Can be ridden,Cannot be ridden,Can be ridden,Cannot be ridden,Can be ridden,Cannot be ridden,Can be ridden,Cannot be ridden,Can be ridden,Cannot be ridden,Can be ridden,Cannot be ridden,Can be ridden,Cannot be ridden,Can be ridden,Cannot be ridden,Can be ridden,Cannot be ridden,Can be ridden,Cannot be ridden,Can be ridden,Cannot be ridden,Can be ridden,Cannot be ridden,Can be ridden,Cannot be ridden,Can be ridden,Cannot be ridden,Can be ridden,Cannot be ridden,Can be ridden,Cannot be ridden,Can be ridden,Cannot be ridden,Can be ridden,Cannot be ridden,Can be ridden,Cannot be ridden,Can be ridden,Cannot be ridden,Can be ridden,Cannot be ridden,Can be ridden,Cannot be ridden,Can be ridden,Cannot be ridden,Can be ridden,Cannot be ridden,Can be ridden,Cannot be ridden,Can be ridden,Cannot be ridden,Can be ridden,Cannot be ridden,Can be ridden,Cannot be ridden,Can be ridden,Cannot be ridden,Can be ridden,Cannot be ridden,Can be ridden,Cannot be ridden,Can be ridden,Cannot be ridden,Can be ridden,Cannot be ridden,Can be ridden,Cannot be ridden,Can be ridden,Cannot be ridden,Can be ridden,Cannot be ridden,Can be ridden,Cannot be ridden,Can be ridden,Cannot be ridden,Can be ridden,Cannot be ridden,Can be ridden,Cannot be ridden,Can be ridden,Cannot be ridden,Can be ridden,Cannot be ridden,Can be ridden,Cannot be ridden,Can be ridden,Cannot be ridden,Can be ridden,Cannot be ridden,Can be ridden,Cannot be ridden,Can be ridden,Cannot be ridden,Can be ridden,Cannot be ridden,Can be ridden,Cannot be ridden,Can be ridden,Cannot be ridden,Can be ridden,Cannot be ridden,Can be ridden,Cannot be ridden,Can be ridden,Cannot be ridden,Can be ridden,Cannot be ridden,Can be ridden,Cannot be ridden,Can be ridden,Cannot be ridden,Can be ridden,Cannot be ridden,Can be ridden,Cannot be ridden,Can be ridden,Cannot be ridden,Can be ridden,Cannot be ridden,Can be ridden,Cannot be ridden,Can be ridden,Cannot be ridden,Can be ridden,Cannot be ridden,Can be ridden,Cannot be ridden,Can be ridden,Cannot be ridden,Can be ridden,Cannot be ridden,Can be ridden,Cannot be ridden,Can be ridden,Cannot be ridden,Can be ridden,Cannot be ridden,Can be ridden,Cannot be ridden,Can be ridden,Cannot be ridden,Can be ridden,Cannot be ridden,Can be ridden,Cannot be ridden,Can be ridden,Cannot be ridden,Can be ridden,Cannot be ridden,Can be ridden,Cannot be ridden,Can be ridden,Cannot be ridden,Can be ridden,Cannot be ridden,Can be ridden,Cannot be ridden,Can be ridden,Cannot be ridden,Can be ridden,Cannot be ridden,Can be ridden,Cannot be ridden,Can be ridden,Cannot be ridden,Can be ridden,Cannot be ridden,Can be ridden,Cannot be ridden,Can be ridden,Cannot be ridden,Can be ridden,Cannot be ridden,Can be ridden,Cannot be ridden,Can be ridden,Cannot be ridden,Can be ridden,Cannot be ridden,Can be ridden,Cannot be ridden,Can be ridden,Cannot be ridden,Can be ridden,Cannot be ridden,Can be ridden,Cannot be ridden,Can be ridden,Cannot be ridden,Can be ridden,Cannot be ridden,Can be ridden,Cannot be ridden,Can be ridden,Cannot be ridden,Can be ridden,Cannot be ridden,Can be ridden,Cannot be ridden,Can be ridden,Cannot be ridden,Can be ridden,Cannot be ridden,Can be ridden,Cannot be ridden,Can be ridden,Cannot be ridden,Can be ridden,Cannot be ridden,Can be ridden,Cannot be ridden,Can be ridden,Cannot be ridden,Can be ridden,Cannot be ridden,Can be ridden,Cannot be ridden,Can be ridden,Cannot be ridden,Can be ridden,Cannot be ridden,Can be ridden,Cannot be ridden,Can be ridden,Cannot be ridden,Can be ridden,Cannot be ridden,Can be ridden,Cannot be ridden,Can be ridden,Cannot be ridden,Can be ridden,Cannot be ridden,,,,,,,,,,,,,,,,,,,,,,,,,,,,,,,,,,,,,,,,,,,,,,,,,,,,,,,,,,,,,,,,,,,,,,,,,,,,,,,,,,,,,,,,,,,,,,,,,,,,,,,,,,,,,,,,,,,,,,,,,,,,,,,,,,,,,,,,,,,,,,,,,,,,,,,,,,,,,,,,,,,,,,,,,,,,,,,,,,,,,,,,,,,,,,,,,,,,,,,,,,,,,,,,,,,,,,,,,,,,,,,,,,,,,,,,,,,,,,,,,,,,,,,,,,,,,,,,,,,,,,,,,,,,,,,,,,,,,,,,,,,,,,,,,,,,,,,,,,,,,,,,,,,,,,,,,,,,,,,,,,,,,,,,,,,,,,,,,,,,,,,,,,,,,,,,,,,,,,,,,,,,,,,,,,,,,,,,,,,,,,,,,,,,,,,,,,,,,,,,,,,,,,,,,,,,,,,,,,,,,,,,,,,,,,,,,,,,,,,,,,,,,,,,,,,,,,,,,,,,,,,,,,,,,,,,,,,,,,,,,,,,,,,,,,,,,,,,,,,,,,,,,,,,,,,,,,,,,,,,,,,,,,,,,,,,,,,,,,,,,,,,,,,,,,,,,,,,,,,,,,,,,,,,,,,,,,,,,,,,,,,,,,,,,,,,,,,,,,,,,,,,,,,,,,,,,,,,,,,,,,,,,,,,,,,,,,,,,,,,,,,,,,,,,,,,,,,,,,,,,,,,,,,,,,,,,,,,,,,,,,,,,,,,,,,,,,,,,,,,,,,,,,,,,,,,,,,,,,,,,,,,,,,,,,,,,,,,,,,,,,,,,,,,,,,,,,,,,,,,,,,,,,,,,,
Level 10,looks like a horse,Is it a Narwahl,Is it a unicorn,Is it not a unicorn,is it a narwahl,is it not a narwahl,Is it a unicorn,Is it not a unicorn,is it a narwahl,is it not a narwahl,Is it a unicorn,Is it not a unicorn,is it a narwahl,is it not a narwahl,Is it a unicorn,Is it not a unicorn,is it a narwahl,is it not a narwahl,Is it a unicorn,Is it not a unicorn,is it a narwahl,is it not a narwahl,Is it a unicorn,Is it not a unicorn,is it a narwahl,is it not a narwahl,Is it a unicorn,Is it not a unicorn,is it a narwahl,is it not a narwahl,Is it a unicorn,Is it not a unicorn,is it a narwahl,is it not a narwahl,Is it a unicorn,Is it not a unicorn,is it a narwahl,is it not a narwahl,Is it a unicorn,Is it not a unicorn,is it a narwahl,is it not a narwahl,Is it a unicorn,Is it not a unicorn,is it a narwahl,is it not a narwahl,Is it a unicorn,Is it not a unicorn,is it a narwahl,is it not a narwahl,Is it a unicorn,Is it not a unicorn,is it a narwahl,is it not a narwahl,Is it a unicorn,Is it not a unicorn,is it a narwahl,is it not a narwahl,Is it a unicorn,Is it not a unicorn,is it a narwahl,is it not a narwahl,Is it a unicorn,Is it not a unicorn,is it a narwahl,is it not a narwahl,Is it a unicorn,Is it not a unicorn,is it a narwahl,is it not a narwahl,Is it a unicorn,Is it not a unicorn,is it a narwahl,is it not a narwahl,Is it a unicorn,Is it not a unicorn,is it a narwahl,is it not a narwahl,Is it a unicorn,Is it not a unicorn,is it a narwahl,is it not a narwahl,Is it a unicorn,Is it not a unicorn,is it a narwahl,is it not a narwahl,Is it a unicorn,Is it not a unicorn,is it a narwahl,is it not a narwahl,Is it a unicorn,Is it not a unicorn,is it a narwahl,is it not a narwahl,Is it a unicorn,Is it not a unicorn,is it a narwahl,is it not a narwahl,Is it a unicorn,Is it not a unicorn,is it a narwahl,is it not a narwahl,Is it a unicorn,Is it not a unicorn,is it a narwahl,is it not a narwahl,Is it a unicorn,Is it not a unicorn,is it a narwahl,is it not a narwahl,Is it a unicorn,Is it not a unicorn,is it a narwahl,is it not a narwahl,Is it a unicorn,Is it not a unicorn,is it a narwahl,is it not a narwahl,Is it a unicorn,Is it not a unicorn,is it a narwahl,is it not a narwahl,Is it a unicorn,Is it not a unicorn,is it a narwahl,is it not a narwahl,Is it a unicorn,Is it not a unicorn,is it a narwahl,is it not a narwahl,Is it a unicorn,Is it not a unicorn,is it a narwahl,is it not a narwahl,Is it a unicorn,Is it not a unicorn,is it a narwahl,is it not a narwahl,Is it a unicorn,Is it not a unicorn,is it a narwahl,is it not a narwahl,Is it a unicorn,Is it not a unicorn,is it a narwahl,is it not a narwahl,Is it a unicorn,Is it not a unicorn,is it a narwahl,is it not a narwahl,Is it a unicorn,Is it not a unicorn,is it a narwahl,is it not a narwahl,Is it a unicorn,Is it not a unicorn,is it a narwahl,is it not a narwahl,Is it a unicorn,Is it not a unicorn,is it a narwahl,is it not a narwahl,Is it a unicorn,Is it not a unicorn,is it a narwahl,is it not a narwahl,Is it a unicorn,Is it not a unicorn,is it a narwahl,is it not a narwahl,Is it a unicorn,Is it not a unicorn,is it a narwahl,is it not a narwahl,Is it a unicorn,Is it not a unicorn,is it a narwahl,is it not a narwahl,Is it a unicorn,Is it not a unicorn,is it a narwahl,is it not a narwahl,Is it a unicorn,Is it not a unicorn,is it a narwahl,is it not a narwahl,Is it a unicorn,Is it not a unicorn,is it a narwahl,is it not a narwahl,Is it a unicorn,Is it not a unicorn,is it a narwahl,is it not a narwahl,Is it a unicorn,Is it not a unicorn,is it a narwahl,is it not a narwahl,Is it a unicorn,Is it not a unicorn,is it a narwahl,is it not a narwahl,Is it a unicorn,Is it not a unicorn,is it a narwahl,is it not a narwahl,Is it a unicorn,Is it not a unicorn,is it a narwahl,is it not a narwahl,Is it a unicorn,Is it not a unicorn,is it a narwahl,is it not a narwahl,Is it a unicorn,Is it not a unicorn,is it a narwahl,is it not a narwahl,Is it a unicorn,Is it not a unicorn,is it a narwahl,is it not a narwahl,Is it a unicorn,Is it not a unicorn,is it a narwahl,is it not a narwahl,Is it a unicorn,Is it not a unicorn,is it a narwahl,is it not a narwahl,Is it a unicorn,Is it not a unicorn,is it a narwahl,is it not a narwahl,Is it a unicorn,Is it not a unicorn,is it a narwahl,is it not a narwahl,Is it a unicorn,Is it not a unicorn,is it a narwahl,is it not a narwahl,Is it a unicorn,Is it not a unicorn,is it a narwahl,is it not a narwahl,Is it a unicorn,Is it not a unicorn,is it a narwahl,is it not a narwahl,Is it a unicorn,Is it not a unicorn,is it a narwahl,is it not a narwahl,Is it a unicorn,Is it not a unicorn,is it a narwahl,is it not a narwahl,Is it a unicorn,Is it not a unicorn,is it a narwahl,is it not a narwahl,Is it a unicorn,Is it not a unicorn,is it a narwahl,is it not a narwahl,Is it a unicorn,Is it not a unicorn,is it a narwahl,is it not a narwahl,Is it a unicorn,Is it not a unicorn,is it a narwahl,is it not a narwahl,Is it a unicorn,Is it not a unicorn,is it a narwahl,is it not a narwahl,Is it a unicorn,Is it not a unicorn,is it a narwahl,is it not a narwahl,Is it a unicorn,Is it not a unicorn,is it a narwahl,is it not a narwahl,Is it a unicorn,Is it not a unicorn,is it a narwahl,is it not a narwahl,Is it a unicorn,Is it not a unicorn,is it a narwahl,is it not a narwahl,Is it a unicorn,Is it not a unicorn,is it a narwahl,is it not a narwahl,Is it a unicorn,Is it not a unicorn,is it a narwahl,is it not a narwahl,Is it a unicorn,Is it not a unicorn,is it a narwahl,is it not a narwahl,Is it a unicorn,Is it not a unicorn,is it a narwahl,is it not a narwahl,Is it a unicorn,Is it not a unicorn,is it a narwahl,is it not a narwahl,Is it a unicorn,Is it not a unicorn,is it a narwahl,is it not a narwahl,Is it a unicorn,Is it not a unicorn,is it a narwahl,is it not a narwahl,Is it a unicorn,Is it not a unicorn,is it a narwahl,is it not a narwahl,Is it a unicorn,Is it not a unicorn,is it a narwahl,is it not a narwahl,Is it a unicorn,Is it not a unicorn,is it a narwahl,is it not a narwahl,Is it a unicorn,Is it not a unicorn,is it a narwahl,is it not a narwahl,Is it a unicorn,Is it not a unicorn,is it a narwahl,is it not a narwahl,Is it a unicorn,Is it not a unicorn,is it a narwahl,is it not a narwahl,Is it a unicorn,Is it not a unicorn,is it a narwahl,is it not a narwahl,Is it a unicorn,Is it not a unicorn,is it a narwahl,is it not a narwahl,Is it a unicorn,Is it not a unicorn,is it a narwahl,is it not a narwahl,Is it a unicorn,Is it not a unicorn,is it a narwahl,is it not a narwahl,Is it a unicorn,Is it not a unicorn,is it a narwahl,is it not a narwahl,Is it a unicorn,Is it not a unicorn,is it a narwahl,is it not a narwahl,Is it a unicorn,Is it not a unicorn,is it a narwahl,is it not a narwahl,Is it a unicorn,Is it not a unicorn,is it a narwahl,is it not a narwahl,Is it a unicorn,Is it not a unicorn,is it a narwahl,is it not a narwahl,Is it a unicorn,Is it not a unicorn,is it a narwahl,is it not a narwahl,Is it a unicorn,Is it not a unicorn,is it a narwahl,is it not a narwahl,Is it a unicorn,Is it not a unicorn,is it a narwahl,is it not a narwahl,Is it a unicorn,Is it not a unicorn,is it a narwahl,is it not a narwahl,Is it a unicorn,Is it not a unicorn,is it a narwahl,is it not a narwahl,Is it a unicorn,Is it not a unicorn,is it a narwahl,is it not a narwahl,Is it a unicorn,Is it not a unicorn,is it a narwahl,is it not a narwahl,Is it a unicorn,Is it not a unicorn,is it a narwahl,is it not a narwahl,Is it a unicorn,Is it not a unicorn,is it a narwahl,is it not a narwahl,Is it a unicorn,Is it not a unicorn,is it a narwahl,is it not a narwahl,Is it a unicorn,Is it not a unicorn,is it a narwahl,is it not a narwahl,Is it a unicorn,Is it not a unicorn,is it a narwahl,is it not a narwahl,Is it a unicorn,Is it not a unicorn,is it a narwahl,is it not a narwahl,Is it a unicorn,Is it not a unicorn,is it a narwahl,is it not a narwahl,Is it a unicorn,Is it not a unicorn,is it a narwahl,is it not a narwahl,Is it a unicorn,Is it not a unicorn,is it a narwahl,is it not a narwahl,Is it a unicorn,Is it not a unicorn,is it a narwahl,is it not a narwahl,Is it a unicorn,Is it not a unicorn,is it a narwahl,is it not a narwahl,Is it a unicorn,Is it not a unicorn,is it a narwahl,is it not a narwahl,Is it a unicorn,Is it not a unicorn,is it a narwahl,is it not a narwahl,Is it a unicorn,Is it not a unicorn,is it a narwahl,is it not a narwahl,Is it a unicorn,Is it not a unicorn,is it a narwahl,is it not a narwahl,Is it a unicorn,Is it not a unicorn,is it a narwahl,is it not a narwahl,Is it a unicorn,Is it not a unicorn,is it a narwahl,is it not a narwahl,Is it a unicorn,Is it not a unicorn,is it a narwahl,is it not a narwahl,Is it a unicorn,Is it not a unicorn,is it a narwahl,is it not a narwahl,Is it a unicorn,Is it not a unicorn,is it a narwahl,is it not a narwahl,Is it a unicorn,Is it not a unicorn,is it a narwahl,is it not a narwahl,Is it a unicorn,Is it not a unicorn,is it a narwahl,is it not a narwahl,Is it a unicorn,Is it not a unicorn,is it a narwahl,is it not a narwahl,Is it a unicorn,Is it not a unicorn,is it a narwahl,is it not a narwahl,Is it a unicorn,Is it not a unicorn,is it a narwahl,is it not a narwahl,Is it a unicorn,Is it not a unicorn,is it a narwahl,is it not a narwahl,,,,,,,,,,,,,,,,,,,,,,,,,,,,,,,,,,,,,,,,,,,,,,,,,,,,,,,,,,,,,,,,,,,,,,,,,,,,,,,,,,,,,,,,,,,,,,,,,,,,,,,,,,,,,,,,,,,,,,,,,,,,,,,,,,,,,,,,,,,,,,,,,,,,,,,,,,,,,,,,,,,,,,,,,,,,,,,,,,,,,,,,,,,,,,,,,,,,,,,,,,,,,,,,,,,,,,,,,,,,,,,,,,,,,,,,,,,,,,,,,,,,,,,,,,,,,,,,,,,,,,,,,,,,,,,,,,,,,,,,,,,,,,,,,,,,,,,,,,,,,,,,,,,,,,,,,,,,,,,,,,,,,,,,,,,,,,,,,,,,,,,,,,,,,,,,,,,,,,,,,,,,,,,,,,,,,,,,,,,,,,,,,,,,,,,,,,,,,,,,,,,,,,,,,,,,,,,,,,,,,,,,,,,,,,,,,,,,,,,,,,,,,,,,,,,,,,,,,,,,,,,,,,,,,,,,,,,,,,,,,,,,,,,,,,,,,,,,,,,,,,,,,,,,,,,,
Level 11,walks on land,Is it a Triceratooooops,I was right,You beat me,You beat me,you beat me,I win,You lied,You Lied,You Lied,I was right,You beat me,You beat me,you beat me,I win,You lied,You Lied,You Lied,I was right,You beat me,You beat me,you beat me,I win,You lied,You Lied,You Lied,I was right,You beat me,You beat me,you beat me,I win,You lied,You Lied,You Lied,I was right,You beat me,You beat me,you beat me,I win,You lied,You Lied,You Lied,I was right,You beat me,You beat me,you beat me,I win,You lied,You Lied,You Lied,I was right,You beat me,You beat me,you beat me,I win,You lied,You Lied,You Lied,I was right,You beat me,You beat me,you beat me,I win,You lied,You Lied,You Lied,I was right,You beat me,You beat me,you beat me,I win,You lied,You Lied,You Lied,I was right,You beat me,You beat me,you beat me,I win,You lied,You Lied,You Lied,I was right,You beat me,You beat me,you beat me,I win,You lied,You Lied,You Lied,I was right,You beat me,You beat me,you beat me,I win,You lied,You Lied,You Lied,I was right,You beat me,You beat me,you beat me,I win,You lied,You Lied,You Lied,I was right,You beat me,You beat me,you beat me,I win,You lied,You Lied,You Lied,I was right,You beat me,You beat me,you beat me,I win,You lied,You Lied,You Lied,I was right,You beat me,You beat me,you beat me,I win,You lied,You Lied,You Lied,I was right,You beat me,You beat me,you beat me,I win,You lied,You Lied,You Lied,I was right,You beat me,You beat me,you beat me,I win,You lied,You Lied,You Lied,I was right,You beat me,You beat me,you beat me,I win,You lied,You Lied,You Lied,I was right,You beat me,You beat me,you beat me,I win,You lied,You Lied,You Lied,I was right,You beat me,You beat me,you beat me,I win,You lied,You Lied,You Lied,I was right,You beat me,You beat me,you beat me,I win,You lied,You Lied,You Lied,I was right,You beat me,You beat me,you beat me,I win,You lied,You Lied,You Lied,I was right,You beat me,You beat me,you beat me,I win,You lied,You Lied,You Lied,I was right,You beat me,You beat me,you beat me,I win,You lied,You Lied,You Lied,I was right,You beat me,You beat me,you beat me,I win,You lied,You Lied,You Lied,I was right,You beat me,You beat me,you beat me,I win,You lied,You Lied,You Lied,I was right,You beat me,You beat me,you beat me,I win,You lied,You Lied,You Lied,I was right,You beat me,You beat me,you beat me,I win,You lied,You Lied,You Lied,I was right,You beat me,You beat me,you beat me,I win,You lied,You Lied,You Lied,I was right,You beat me,You beat me,you beat me,I win,You lied,You Lied,You Lied,I was right,You beat me,You beat me,you beat me,I win,You lied,You Lied,You Lied,I was right,You beat me,You beat me,you beat me,I win,You lied,You Lied,You Lied,I was right,You beat me,You beat me,you beat me,I win,You lied,You Lied,You Lied,I was right,You beat me,You beat me,you beat me,I win,You lied,You Lied,You Lied,I was right,You beat me,You beat me,you beat me,I win,You lied,You Lied,You Lied,I was right,You beat me,You beat me,you beat me,I win,You lied,You Lied,You Lied,I was right,You beat me,You beat me,you beat me,I win,You lied,You Lied,You Lied,I was right,You beat me,You beat me,you beat me,I win,You lied,You Lied,You Lied,I was right,You beat me,You beat me,you beat me,I win,You lied,You Lied,You Lied,I was right,You beat me,You beat me,you beat me,I win,You lied,You Lied,You Lied,I was right,You beat me,You beat me,you beat me,I win,You lied,You Lied,You Lied,I was right,You beat me,You beat me,you beat me,I win,You lied,You Lied,You Lied,I was right,You beat me,You beat me,you beat me,I win,You lied,You Lied,You Lied,I was right,You beat me,You beat me,you beat me,I win,You lied,You Lied,You Lied,I was right,You beat me,You beat me,you beat me,I win,You lied,You Lied,You Lied,I was right,You beat me,You beat me,you beat me,I win,You lied,You Lied,You Lied,I was right,You beat me,You beat me,you beat me,I win,You lied,You Lied,You Lied,I was right,You beat me,You beat me,you beat me,I win,You lied,You Lied,You Lied,I was right,You beat me,You beat me,you beat me,I win,You lied,You Lied,You Lied,I was right,You beat me,You beat me,you beat me,I win,You lied,You Lied,You Lied,I was right,You beat me,You beat me,you beat me,I win,You lied,You Lied,You Lied,I was right,You beat me,You beat me,you beat me,I win,You lied,You Lied,You Lied,I was right,You beat me,You beat me,you beat me,I win,You lied,You Lied,You Lied,I was right,You beat me,You beat me,you beat me,I win,You lied,You Lied,You Lied,I was right,You beat me,You beat me,you beat me,I win,You lied,You Lied,You Lied,I was right,You beat me,You beat me,you beat me,I win,You lied,You Lied,You Lied,I was right,You beat me,You beat me,you beat me,I win,You lied,You Lied,You Lied,I was right,You beat me,You beat me,you beat me,I win,You lied,You Lied,You Lied,I was right,You beat me,You beat me,you beat me,I win,You lied,You Lied,You Lied,I was right,You beat me,You beat me,you beat me,I win,You lied,You Lied,You Lied,I was right,You beat me,You beat me,you beat me,I win,You lied,You Lied,You Lied,I was right,You beat me,You beat me,you beat me,I win,You lied,You Lied,You Lied,I was right,You beat me,You beat me,you beat me,I win,You lied,You Lied,You Lied,I was right,You beat me,You beat me,you beat me,I win,You lied,You Lied,You Lied,I was right,You beat me,You beat me,you beat me,I win,You lied,You Lied,You Lied,I was right,You beat me,You beat me,you beat me,I win,You lied,You Lied,You Lied,I was right,You beat me,You beat me,you beat me,I win,You lied,You Lied,You Lied,I was right,You beat me,You beat me,you beat me,I win,You lied,You Lied,You Lied,I was right,You beat me,You beat me,you beat me,I win,You lied,You Lied,You Lied,I was right,You beat me,You beat me,you beat me,I win,You lied,You Lied,You Lied,I was right,You beat me,You beat me,you beat me,I win,You lied,You Lied,You Lied,I was right,You beat me,You beat me,you beat me,I win,You lied,You Lied,You Lied,I was right,You beat me,You beat me,you beat me,I win,You lied,You Lied,You Lied,I was right,You beat me,You beat me,you beat me,I win,You lied,You Lied,You Lied,I was right,You beat me,You beat me,you beat me,I win,You lied,You Lied,You Lied,I was right,You beat me,You beat me,you beat me,I win,You lied,You Lied,You Lied,I was right,You beat me,You beat me,you beat me,I win,You lied,You Lied,You Lied,I was right,You beat me,You beat me,you beat me,I win,You lied,You Lied,You Lied,I was right,You beat me,You beat me,you beat me,I win,You lied,You Lied,You Lied,I was right,You beat me,You beat me,you beat me,I win,You lied,You Lied,You Lied,I was right,You beat me,You beat me,you beat me,I win,You lied,You Lied,You Lied,I was right,You beat me,You beat me,you beat me,I win,You lied,You Lied,You Lied,I was right,You beat me,You beat me,you beat me,I win,You lied,You Lied,You Lied,I was right,You beat me,You beat me,you beat me,I win,You lied,You Lied,You Lied,I was right,You beat me,You beat me,you beat me,I win,You lied,You Lied,You Lied,I was right,You beat me,You beat me,you beat me,I win,You lied,You Lied,You Lied,I was right,You beat me,You beat me,you beat me,I win,You lied,You Lied,You Lied,I was right,You beat me,You beat me,you beat me,I win,You lied,You Lied,You Lied,I was right,You beat me,You beat me,you beat me,I win,You lied,You Lied,You Lied,I was right,You beat me,You beat me,you beat me,I win,You lied,You Lied,You Lied,I was right,You beat me,You beat me,you beat me,I win,You lied,You Lied,You Lied,I was right,You beat me,You beat me,you beat me,I win,You lied,You Lied,You Lied,I was right,You beat me,You beat me,you beat me,I win,You lied,You Lied,You Lied,I was right,You beat me,You beat me,you beat me,I win,You lied,You Lied,You Lied,I was right,You beat me,You beat me,you beat me,I win,You lied,You Lied,You Lied,I was right,You beat me,You beat me,you beat me,I win,You lied,You Lied,You Lied,I was right,You beat me,You beat me,you beat me,I win,You lied,You Lied,You Lied,I was right,You beat me,You beat me,you beat me,I win,You lied,You Lied,You Lied,I was right,You beat me,You beat me,you beat me,I win,You lied,You Lied,You Lied,I was right,You beat me,You beat me,you beat me,I win,You lied,You Lied,You Lied,I was right,You beat me,You beat me,you beat me,I win,You lied,You Lied,You Lied,I was right,You beat me,You beat me,you beat me,I win,You lied,You Lied,You Lied,I was right,You beat me,You beat me,you beat me,I win,You lied,You Lied,You Lied,I was right,You beat me,You beat me,you beat me,I win,You lied,You Lied,You Lied,I was right,You beat me,You beat me,you beat me,I win,You lied,You Lied,You Lied,I was right,You beat me,You beat me,you beat me,I win,You lied,You Lied,You Lied,I was right,You beat me,You beat me,you beat me,I win,You lied,You Lied,You Lied,I was right,You beat me,You beat me,you beat me,I win,You lied,You Lied,You Lied,I was right,You beat me,You beat me,you beat me,I win,You lied,You Lied,You Lied,I was right,You beat me,You beat me,you beat me,I win,You lied,You Lied,You Lied,I was right,You beat me,You beat me,you beat me,I win,You lied,You Lied,You Lied,I was right,You beat me,You beat me,you beat me,I win,You lied,You Lied,You Lied,I was right,You beat me,You beat me,you beat me,I win,You lied,You Lied,You Lied,I was right,You beat me,You beat me,you beat me,I win,You lied,You Lied,You Lied,I was right,You beat me,You beat me,you beat me,I win,You lied,You Lied,You Lied,I was right,You beat me,You beat me,you beat me,I win,You lied,You Lied,You Lied,I was right,You beat me,You beat me,you beat me,I win,You lied,You Lied,You Lied,I was right,You beat me,You beat me,you beat me,I win,You lied,You Lied,You Lied,I was right,You beat me,You beat me,you beat me,I win,You lied,You Lied,You Lied,I was right,You beat me,You beat me,you beat me,I win,You lied,You Lied,You Lied,I was right,You beat me,You beat me,you beat me,I win,You lied,You Lied,You Lied,I was right,You beat me,You beat me,you beat me,I win,You lied,You Lied,You Lied,I was right,You beat me,You beat me,you beat me,I win,You lied,You Lied,You Lied,I was right,You beat me,You beat me,you beat me,I win,You lied,You Lied,You Lied,I was right,You beat me,You beat me,you beat me,I win,You lied,You Lied,You Lied,I was right,You beat me,You beat me,you beat me,I win,You lied,You Lied,You Lied,I was right,You beat me,You beat me,you beat me,I win,You lied,You Lied,You Lied
Level 12,eat hay,Is it a Narwahl,,,,,,,,,,,,,,,,,,,,,,,,,,,,,,,,,,,,,,,,,,,,,,,,,,,,,,,,,,,,,,,,,,,,,,,,,,,,,,,,,,,,,,,,,,,,,,,,,,,,,,,,,,,,,,,,,,,,,,,,,,,,,,,,,,,,,,,,,,,,,,,,,,,,,,,,,,,,,,,,,,,,,,,,,,,,,,,,,,,,,,,,,,,,,,,,,,,,,,,,,,,,,,,,,,,,,,,,,,,,,,,,,,,,,,,,,,,,,,,,,,,,,,,,,,,,,,,,,,,,,,,,,,,,,,,,,,,,,,,,,,,,,,,,,,,,,,,,,,,,,,,,,,,,,,,,,,,,,,,,,,,,,,,,,,,,,,,,,,,,,,,,,,,,,,,,,,,,,,,,,,,,,,,,,,,,,,,,,,,,,,,,,,,,,,,,,,,,,,,,,,,,,,,,,,,,,,,,,,,,,,,,,,,,,,,,,,,,,,,,,,,,,,,,,,,,,,,,,,,,,,,,,,,,,,,,,,,,,,,,,,,,,,,,,,,,,,,,,,,,,,,,,,,,,,,,,,,,,,,,,,,,,,,,,,,,,,,,,,,,,,,,,,,,,,,,,,,,,,,,,,,,,,,,,,,,,,,,,,,,,,,,,,,,,,,,,,,,,,,,,,,,,,,,,,,,,,,,,,,,,,,,,,,,,,,,,,,,,,,,,,,,,,,,,,,,,,,,,,,,,,,,,,,,,,,,,,,,,,,,,,,,,,,,,,,,,,,,,,,,,,,,,,,,,,,,,,,,,,,,,,,,,,,,,,,,,,,,,,,,,,,,,,,,,,,,,,,,,,,,,,,,,,,,,,,,,,,,,,,,,,,,,,,,,,,,,,,,,,,,,,,,,,,,,,,,,,,,,,,,,,,,,,,,,,,,,,,,,,,,,,,,,,,,,,,,,,,,,,,,,,,,,,,,,,,,,,,,,,,,,,,,,,,,,,,,,,,,,,,,,,,,,,,,,,,,,,,,,,,,,,,,,,,,,,,,,,,,,,,,,,,,,,,,,,,,,,,,,,,,,,,,,,,,,,,,,,,,,,,,,,,,,,,,,,,,,,,,,,,,,,,,,,,,,,,,,,,,,,,,,,,,
Level 13,ride on rainbows,Is it a Triceratooooops,,,,,,,,,,,,,,,,,,,,,,,,,,,,,,,,,,,,,,,,,,,,,,,,,,,,,,,,,,,,,,,,,,,,,,,,,,,,,,,,,,,,,,,,,,,,,,,,,,,,,,,,,,,,,,,,,,,,,,,,,,,,,,,,,,,,,,,,,,,,,,,,,,,,,,,,,,,,,,,,,,,,,,,,,,,,,,,,,,,,,,,,,,,,,,,,,,,,,,,,,,,,,,,,,,,,,,,,,,,,,,,,,,,,,,,,,,,,,,,,,,,,,,,,,,,,,,,,,,,,,,,,,,,,,,,,,,,,,,,,,,,,,,,,,,,,,,,,,,,,,,,,,,,,,,,,,,,,,,,,,,,,,,,,,,,,,,,,,,,,,,,,,,,,,,,,,,,,,,,,,,,,,,,,,,,,,,,,,,,,,,,,,,,,,,,,,,,,,,,,,,,,,,,,,,,,,,,,,,,,,,,,,,,,,,,,,,,,,,,,,,,,,,,,,,,,,,,,,,,,,,,,,,,,,,,,,,,,,,,,,,,,,,,,,,,,,,,,,,,,,,,,,,,,,,,,,,,,,,,,,,,,,,,,,,,,,,,,,,,,,,,,,,,,,,,,,,,,,,,,,,,,,,,,,,,,,,,,,,,,,,,,,,,,,,,,,,,,,,,,,,,,,,,,,,,,,,,,,,,,,,,,,,,,,,,,,,,,,,,,,,,,,,,,,,,,,,,,,,,,,,,,,,,,,,,,,,,,,,,,,,,,,,,,,,,,,,,,,,,,,,,,,,,,,,,,,,,,,,,,,,,,,,,,,,,,,,,,,,,,,,,,,,,,,,,,,,,,,,,,,,,,,,,,,,,,,,,,,,,,,,,,,,,,,,,,,,,,,,,,,,,,,,,,,,,,,,,,,,,,,,,,,,,,,,,,,,,,,,,,,,,,,,,,,,,,,,,,,,,,,,,,,,,,,,,,,,,,,,,,,,,,,,,,,,,,,,,,,,,,,,,,,,,,,,,,,,,,,,,,,,,,,,,,,,,,,,,,,,,,,,,,,,,,,,,,,,,,,,,,,,,,,,,,,,,,,,,,,,,,,,,,,,,,,,,,,,,,,,,,,,,,,,,,,,,,,,,,,,,,,,,,
Level 14,fight leprechauns,Is it a Narwahl,,,,,,,,,,,,,,,,,,,,,,,,,,,,,,,,,,,,,,,,,,,,,,,,,,,,,,,,,,,,,,,,,,,,,,,,,,,,,,,,,,,,,,,,,,,,,,,,,,,,,,,,,,,,,,,,,,,,,,,,,,,,,,,,,,,,,,,,,,,,,,,,,,,,,,,,,,,,,,,,,,,,,,,,,,,,,,,,,,,,,,,,,,,,,,,,,,,,,,,,,,,,,,,,,,,,,,,,,,,,,,,,,,,,,,,,,,,,,,,,,,,,,,,,,,,,,,,,,,,,,,,,,,,,,,,,,,,,,,,,,,,,,,,,,,,,,,,,,,,,,,,,,,,,,,,,,,,,,,,,,,,,,,,,,,,,,,,,,,,,,,,,,,,,,,,,,,,,,,,,,,,,,,,,,,,,,,,,,,,,,,,,,,,,,,,,,,,,,,,,,,,,,,,,,,,,,,,,,,,,,,,,,,,,,,,,,,,,,,,,,,,,,,,,,,,,,,,,,,,,,,,,,,,,,,,,,,,,,,,,,,,,,,,,,,,,,,,,,,,,,,,,,,,,,,,,,,,,,,,,,,,,,,,,,,,,,,,,,,,,,,,,,,,,,,,,,,,,,,,,,,,,,,,,,,,,,,,,,,,,,,,,,,,,,,,,,,,,,,,,,,,,,,,,,,,,,,,,,,,,,,,,,,,,,,,,,,,,,,,,,,,,,,,,,,,,,,,,,,,,,,,,,,,,,,,,,,,,,,,,,,,,,,,,,,,,,,,,,,,,,,,,,,,,,,,,,,,,,,,,,,,,,,,,,,,,,,,,,,,,,,,,,,,,,,,,,,,,,,,,,,,,,,,,,,,,,,,,,,,,,,,,,,,,,,,,,,,,,,,,,,,,,,,,,,,,,,,,,,,,,,,,,,,,,,,,,,,,,,,,,,,,,,,,,,,,,,,,,,,,,,,,,,,,,,,,,,,,,,,,,,,,,,,,,,,,,,,,,,,,,,,,,,,,,,,,,,,,,,,,,,,,,,,,,,,,,,,,,,,,,,,,,,,,,,,,,,,,,,,,,,,,,,,,,,,,,,,,,,,,,,,,,,,,,,,,,,,,,,,,,,,,,,,,,,,,,,,,,,,,,,,,
Level 15,Bread for its colorful tail,Is it a Triceratooooops,,,,,,,,,,,,,,,,,,,,,,,,,,,,,,,,,,,,,,,,,,,,,,,,,,,,,,,,,,,,,,,,,,,,,,,,,,,,,,,,,,,,,,,,,,,,,,,,,,,,,,,,,,,,,,,,,,,,,,,,,,,,,,,,,,,,,,,,,,,,,,,,,,,,,,,,,,,,,,,,,,,,,,,,,,,,,,,,,,,,,,,,,,,,,,,,,,,,,,,,,,,,,,,,,,,,,,,,,,,,,,,,,,,,,,,,,,,,,,,,,,,,,,,,,,,,,,,,,,,,,,,,,,,,,,,,,,,,,,,,,,,,,,,,,,,,,,,,,,,,,,,,,,,,,,,,,,,,,,,,,,,,,,,,,,,,,,,,,,,,,,,,,,,,,,,,,,,,,,,,,,,,,,,,,,,,,,,,,,,,,,,,,,,,,,,,,,,,,,,,,,,,,,,,,,,,,,,,,,,,,,,,,,,,,,,,,,,,,,,,,,,,,,,,,,,,,,,,,,,,,,,,,,,,,,,,,,,,,,,,,,,,,,,,,,,,,,,,,,,,,,,,,,,,,,,,,,,,,,,,,,,,,,,,,,,,,,,,,,,,,,,,,,,,,,,,,,,,,,,,,,,,,,,,,,,,,,,,,,,,,,,,,,,,,,,,,,,,,,,,,,,,,,,,,,,,,,,,,,,,,,,,,,,,,,,,,,,,,,,,,,,,,,,,,,,,,,,,,,,,,,,,,,,,,,,,,,,,,,,,,,,,,,,,,,,,,,,,,,,,,,,,,,,,,,,,,,,,,,,,,,,,,,,,,,,,,,,,,,,,,,,,,,,,,,,,,,,,,,,,,,,,,,,,,,,,,,,,,,,,,,,,,,,,,,,,,,,,,,,,,,,,,,,,,,,,,,,,,,,,,,,,,,,,,,,,,,,,,,,,,,,,,,,,,,,,,,,,,,,,,,,,,,,,,,,,,,,,,,,,,,,,,,,,,,,,,,,,,,,,,,,,,,,,,,,,,,,,,,,,,,,,,,,,,,,,,,,,,,,,,,,,,,,,,,,,,,,,,,,,,,,,,,,,,,,,,,,,,,,,,,,,,,,,,,,,,,,,,,,,,,,,,,,,,,,,,,,,,,,,,,,,
Level 16,dislike roller derby,Is it a Narwahl,,,,,,,,,,,,,,,,,,,,,,,,,,,,,,,,,,,,,,,,,,,,,,,,,,,,,,,,,,,,,,,,,,,,,,,,,,,,,,,,,,,,,,,,,,,,,,,,,,,,,,,,,,,,,,,,,,,,,,,,,,,,,,,,,,,,,,,,,,,,,,,,,,,,,,,,,,,,,,,,,,,,,,,,,,,,,,,,,,,,,,,,,,,,,,,,,,,,,,,,,,,,,,,,,,,,,,,,,,,,,,,,,,,,,,,,,,,,,,,,,,,,,,,,,,,,,,,,,,,,,,,,,,,,,,,,,,,,,,,,,,,,,,,,,,,,,,,,,,,,,,,,,,,,,,,,,,,,,,,,,,,,,,,,,,,,,,,,,,,,,,,,,,,,,,,,,,,,,,,,,,,,,,,,,,,,,,,,,,,,,,,,,,,,,,,,,,,,,,,,,,,,,,,,,,,,,,,,,,,,,,,,,,,,,,,,,,,,,,,,,,,,,,,,,,,,,,,,,,,,,,,,,,,,,,,,,,,,,,,,,,,,,,,,,,,,,,,,,,,,,,,,,,,,,,,,,,,,,,,,,,,,,,,,,,,,,,,,,,,,,,,,,,,,,,,,,,,,,,,,,,,,,,,,,,,,,,,,,,,,,,,,,,,,,,,,,,,,,,,,,,,,,,,,,,,,,,,,,,,,,,,,,,,,,,,,,,,,,,,,,,,,,,,,,,,,,,,,,,,,,,,,,,,,,,,,,,,,,,,,,,,,,,,,,,,,,,,,,,,,,,,,,,,,,,,,,,,,,,,,,,,,,,,,,,,,,,,,,,,,,,,,,,,,,,,,,,,,,,,,,,,,,,,,,,,,,,,,,,,,,,,,,,,,,,,,,,,,,,,,,,,,,,,,,,,,,,,,,,,,,,,,,,,,,,,,,,,,,,,,,,,,,,,,,,,,,,,,,,,,,,,,,,,,,,,,,,,,,,,,,,,,,,,,,,,,,,,,,,,,,,,,,,,,,,,,,,,,,,,,,,,,,,,,,,,,,,,,,,,,,,,,,,,,,,,,,,,,,,,,,,,,,,,,,,,,,,,,,,,,,,,,,,,,,,,,,,,,,,,,,,,,,,,,,,,,,,,,,,,,,,,,
Level 17,can it bench 350,Is it a Triceratooooops,,,,,,,,,,,,,,,,,,,,,,,,,,,,,,,,,,,,,,,,,,,,,,,,,,,,,,,,,,,,,,,,,,,,,,,,,,,,,,,,,,,,,,,,,,,,,,,,,,,,,,,,,,,,,,,,,,,,,,,,,,,,,,,,,,,,,,,,,,,,,,,,,,,,,,,,,,,,,,,,,,,,,,,,,,,,,,,,,,,,,,,,,,,,,,,,,,,,,,,,,,,,,,,,,,,,,,,,,,,,,,,,,,,,,,,,,,,,,,,,,,,,,,,,,,,,,,,,,,,,,,,,,,,,,,,,,,,,,,,,,,,,,,,,,,,,,,,,,,,,,,,,,,,,,,,,,,,,,,,,,,,,,,,,,,,,,,,,,,,,,,,,,,,,,,,,,,,,,,,,,,,,,,,,,,,,,,,,,,,,,,,,,,,,,,,,,,,,,,,,,,,,,,,,,,,,,,,,,,,,,,,,,,,,,,,,,,,,,,,,,,,,,,,,,,,,,,,,,,,,,,,,,,,,,,,,,,,,,,,,,,,,,,,,,,,,,,,,,,,,,,,,,,,,,,,,,,,,,,,,,,,,,,,,,,,,,,,,,,,,,,,,,,,,,,,,,,,,,,,,,,,,,,,,,,,,,,,,,,,,,,,,,,,,,,,,,,,,,,,,,,,,,,,,,,,,,,,,,,,,,,,,,,,,,,,,,,,,,,,,,,,,,,,,,,,,,,,,,,,,,,,,,,,,,,,,,,,,,,,,,,,,,,,,,,,,,,,,,,,,,,,,,,,,,,,,,,,,,,,,,,,,,,,,,,,,,,,,,,,,,,,,,,,,,,,,,,,,,,,,,,,,,,,,,,,,,,,,,,,,,,,,,,,,,,,,,,,,,,,,,,,,,,,,,,,,,,,,,,,,,,,,,,,,,,,,,,,,,,,,,,,,,,,,,,,,,,,,,,,,,,,,,,,,,,,,,,,,,,,,,,,,,,,,,,,,,,,,,,,,,,,,,,,,,,,,,,,,,,,,,,,,,,,,,,,,,,,,,,,,,,,,,,,,,,,,,,,,,,,,,,,,,,,,,,,,,,,,,,,,,,,,,,,,,,,,,,,,,,,,,,,,,,,,,,,,,,,,,,,,,,,,
Level 18,Does Jake from Adventure time date one,Is it a Narwahl,,,,,,,,,,,,,,,,,,,,,,,,,,,,,,,,,,,,,,,,,,,,,,,,,,,,,,,,,,,,,,,,,,,,,,,,,,,,,,,,,,,,,,,,,,,,,,,,,,,,,,,,,,,,,,,,,,,,,,,,,,,,,,,,,,,,,,,,,,,,,,,,,,,,,,,,,,,,,,,,,,,,,,,,,,,,,,,,,,,,,,,,,,,,,,,,,,,,,,,,,,,,,,,,,,,,,,,,,,,,,,,,,,,,,,,,,,,,,,,,,,,,,,,,,,,,,,,,,,,,,,,,,,,,,,,,,,,,,,,,,,,,,,,,,,,,,,,,,,,,,,,,,,,,,,,,,,,,,,,,,,,,,,,,,,,,,,,,,,,,,,,,,,,,,,,,,,,,,,,,,,,,,,,,,,,,,,,,,,,,,,,,,,,,,,,,,,,,,,,,,,,,,,,,,,,,,,,,,,,,,,,,,,,,,,,,,,,,,,,,,,,,,,,,,,,,,,,,,,,,,,,,,,,,,,,,,,,,,,,,,,,,,,,,,,,,,,,,,,,,,,,,,,,,,,,,,,,,,,,,,,,,,,,,,,,,,,,,,,,,,,,,,,,,,,,,,,,,,,,,,,,,,,,,,,,,,,,,,,,,,,,,,,,,,,,,,,,,,,,,,,,,,,,,,,,,,,,,,,,,,,,,,,,,,,,,,,,,,,,,,,,,,,,,,,,,,,,,,,,,,,,,,,,,,,,,,,,,,,,,,,,,,,,,,,,,,,,,,,,,,,,,,,,,,,,,,,,,,,,,,,,,,,,,,,,,,,,,,,,,,,,,,,,,,,,,,,,,,,,,,,,,,,,,,,,,,,,,,,,,,,,,,,,,,,,,,,,,,,,,,,,,,,,,,,,,,,,,,,,,,,,,,,,,,,,,,,,,,,,,,,,,,,,,,,,,,,,,,,,,,,,,,,,,,,,,,,,,,,,,,,,,,,,,,,,,,,,,,,,,,,,,,,,,,,,,,,,,,,,,,,,,,,,,,,,,,,,,,,,,,,,,,,,,,,,,,,,,,,,,,,,,,,,,,,,,,,,,,,,,,,,,,,,,,,,,,,,,,,,,,,,,,,,,,,,,,,,,,,,,,,,,
Level 19,has it ever found candy mountain,Is it a Triceratooooops,,,,,,,,,,,,,,,,,,,,,,,,,,,,,,,,,,,,,,,,,,,,,,,,,,,,,,,,,,,,,,,,,,,,,,,,,,,,,,,,,,,,,,,,,,,,,,,,,,,,,,,,,,,,,,,,,,,,,,,,,,,,,,,,,,,,,,,,,,,,,,,,,,,,,,,,,,,,,,,,,,,,,,,,,,,,,,,,,,,,,,,,,,,,,,,,,,,,,,,,,,,,,,,,,,,,,,,,,,,,,,,,,,,,,,,,,,,,,,,,,,,,,,,,,,,,,,,,,,,,,,,,,,,,,,,,,,,,,,,,,,,,,,,,,,,,,,,,,,,,,,,,,,,,,,,,,,,,,,,,,,,,,,,,,,,,,,,,,,,,,,,,,,,,,,,,,,,,,,,,,,,,,,,,,,,,,,,,,,,,,,,,,,,,,,,,,,,,,,,,,,,,,,,,,,,,,,,,,,,,,,,,,,,,,,,,,,,,,,,,,,,,,,,,,,,,,,,,,,,,,,,,,,,,,,,,,,,,,,,,,,,,,,,,,,,,,,,,,,,,,,,,,,,,,,,,,,,,,,,,,,,,,,,,,,,,,,,,,,,,,,,,,,,,,,,,,,,,,,,,,,,,,,,,,,,,,,,,,,,,,,,,,,,,,,,,,,,,,,,,,,,,,,,,,,,,,,,,,,,,,,,,,,,,,,,,,,,,,,,,,,,,,,,,,,,,,,,,,,,,,,,,,,,,,,,,,,,,,,,,,,,,,,,,,,,,,,,,,,,,,,,,,,,,,,,,,,,,,,,,,,,,,,,,,,,,,,,,,,,,,,,,,,,,,,,,,,,,,,,,,,,,,,,,,,,,,,,,,,,,,,,,,,,,,,,,,,,,,,,,,,,,,,,,,,,,,,,,,,,,,,,,,,,,,,,,,,,,,,,,,,,,,,,,,,,,,,,,,,,,,,,,,,,,,,,,,,,,,,,,,,,,,,,,,,,,,,,,,,,,,,,,,,,,,,,,,,,,,,,,,,,,,,,,,,,,,,,,,,,,,,,,,,,,,,,,,,,,,,,,,,,,,,,,,,,,,,,,,,,,,,,,,,,,,,,,,,,,,,,,,,,,,,,,,,,,,,,,,,,,,,,,
Level 20,It is a Unicorn,,,,,,,,,,,,,,,,,,,,,,,,,,,,,,,,,,,,,,,,,,,,,,,,,,,,,,,,,,,,,,,,,,,,,,,,,,,,,,,,,,,,,,,,,,,,,,,,,,,,,,,,,,,,,,,,,,,,,,,,,,,,,,,,,,,,,,,,,,,,,,,,,,,,,,,,,,,,,,,,,,,,,,,,,,,,,,,,,,,,,,,,,,,,,,,,,,,,,,,,,,,,,,,,,,,,,,,,,,,,,,,,,,,,,,,,,,,,,,,,,,,,,,,,,,,,,,,,,,,,,,,,,,,,,,,,,,,,,,,,,,,,,,,,,,,,,,,,,,,,,,,,,,,,,,,,,,,,,,,,,,,,,,,,,,,,,,,,,,,,,,,,,,,,,,,,,,,,,,,,,,,,,,,,,,,,,,,,,,,,,,,,,,,,,,,,,,,,,,,,,,,,,,,,,,,,,,,,,,,,,,,,,,,,,,,,,,,,,,,,,,,,,,,,,,,,,,,,,,,,,,,,,,,,,,,,,,,,,,,,,,,,,,,,,,,,,,,,,,,,,,,,,,,,,,,,,,,,,,,,,,,,,,,,,,,,,,,,,,,,,,,,,,,,,,,,,,,,,,,,,,,,,,,,,,,,,,,,,,,,,,,,,,,,,,,,,,,,,,,,,,,,,,,,,,,,,,,,,,,,,,,,,,,,,,,,,,,,,,,,,,,,,,,,,,,,,,,,,,,,,,,,,,,,,,,,,,,,,,,,,,,,,,,,,,,,,,,,,,,,,,,,,,,,,,,,,,,,,,,,,,,,,,,,,,,,,,,,,,,,,,,,,,,,,,,,,,,,,,,,,,,,,,,,,,,,,,,,,,,,,,,,,,,,,,,,,,,,,,,,,,,,,,,,,,,,,,,,,,,,,,,,,,,,,,,,,,,,,,,,,,,,,,,,,,,,,,,,,,,,,,,,,,,,,,,,,,,,,,,,,,,,,,,,,,,,,,,,,,,,,,,,,,,,,,,,,,,,,,,,,,,,,,,,,,,,,,,,,,,,,,,,,,,,,,,,,,,,,,,,,,,,,,,,,,,,,,,,,,,,,,,,,,,,,,,,,,,,,,,,,,,,,,,,,,,,,,,,,,,,,,,,,
